[
  {
    "Image": "SENTINEL/public_html/assets/img/Insights-1.png",
    "title": "How We Secured ABC Office with a Smart CCTV System",
    "readTime": "5 min read",
    "PostDate": "January 12, 2025"
  },
  {
    "Image": "SENTINEL/public_html/assets/img/Insights-2.png",
    "title": "Top 10 Tips for Home Security in 2025",
    "readTime": "7 min read",
    "PostDate": "February 5, 2025"
  },
  {
    "Image": "SENTINEL/public_html/assets/img/Insights-3.png",
    "title": "The Future of Smart Surveillance Technology",
    "readTime": "6 min read",
    "PostDate": "March 18, 2025"
  }
]
